id,email,first_name,last_name
2,alicia.r.coffey@trashymail.com,Dianna,Warner
3,karine.f.bello@mailinator.com,Tracy,Wyman
4,bradley.g.chase@dodgit.com,Timmy,Schmidt
5,dana.b.narcisse@trashymail.com,Steve,Lewis
6,joanne.m.norton@mailinator.com,Richard,Clark
7,bernice.c.knott@pookmail.com,Warren,Cromer
8,gregory.d.chapman@trashymail.com,Patricia,Bell
9,robert.b.wright@pookmail.com,Larry,Deskins
10,stephen.o.sweet@trashymail.com,Marsha,Archer
11,peter.k.lewis@pookmail.com,Marie,Christian
12,fatimah.m.hart@dodgit.com,Bessie,Sawyers
13,shirley.m.clark@pookmail.com,Lou,Tunnell
14,robert.s.moore@spambob.com,Davis,Hoffman
15,victor.t.washburn@trashymail.com,Joyce,Hearn
16,jeffrey.c.hargrave@trashymail.com,Michael,Miller
17,ollie.j.vetter@mailinator.com,Joann,Dufault
18,julio.m.chen@spambob.com,Patricia,Shaw
19,linda.c.job@trashymail.com,Donna,Williams
20,irene.j.hurst@pookmail.com,William,Keenan
21,gregory.m.williamson@dodgit.com,Colleen,Hyatt
22,silvia.t.mcintosh@pookmail.com,Lula,Villarreal
23,james.d.wetherbee@dodgit.com,Shane,Hunter
24,amanda.g.godfrey@pookmail.com,Christopher,Bullock
25,tarsha.r.hawks@mailinator.com,Lisa,Day
26,brandon.a.oberlander@spambob.com,Lloyd,Lee
27,gail.d.fields@mailinator.com,Courtney,Langford
28,cecily.p.skinner@pookmail.com,Kathy,Martin
29,brook.j.whitworth@pookmail.com,Helen,Banker
30,kelly.e.avendano@spambob.com,Frances,Washington
31,luis.e.erlandson@spambob.com,Scott,Mccoy
32,annie.j.hays@pookmail.com,Robert,Kelly
33,walter.e.carr@dodgit.com,David,Lynch
34,thomas.e.corley@pookmail.com,Gene,Fugate
35,mandy.j.holland@spambob.com,Pearl,White
36,marion.c.baker@pookmail.com,Mary,Wheat
37,margaret.f.perry@pookmail.com,Andrew,Justice
38,raymond.g.west@trashymail.com,Beatrice,Armijo
39,wendy.r.jameson@pookmail.com,Carrie,Morton
40,teresa.b.smith@trashymail.com,Larry,Jensen
41,elise.g.watkins@trashymail.com,Kathryn,Burton
42,ila.j.westgate@trashymail.com,Robert,Norris
43,nancy.s.quinn@dodgit.com,Deanna,Chappell
44,bailey.m.alonzo@spambob.com,Elnora,Calloway
45,clifford.z.martinez@trashymail.com,Stacy,Smith
46,leslie.d.bartels@mailinator.com,Robin,Pelfrey
47,anne.t.dove@mailinator.com,Linda,Seaman
48,julia.t.haliburton@dodgit.com,Michael,Larson
49,jeffrey.l.marshall@mailinator.com,Myrtle,Gonzalez
50,gwendolyn.j.amar@dodgit.com,Helen,Wertz
51,rose.r.almanza@mailinator.com,Jeffrey,White
52,robert.d.fernandez@pookmail.com,Kathleen,Simpson
53,robert.c.mullins@spambob.com,John,Kahn
54,nelson.v.leavitt@dodgit.com,Deborah,Hollenbeck
55,carol.j.morgan@dodgit.com,Margaret,Williams
56,jodi.r.glaude@dodgit.com,Zack,Rodriquez
57,christine.g.taylor@mailinator.com,Frederick,Crowl
58,tom.l.sullivan@pookmail.com,Patti,Bobby
59,paul.n.henry@dodgit.com,Calvin,Klemm
60,charles.v.williams@mailinator.com,Rosemarie,Hubbard
61,fred.m.murray@dodgit.com,Karen,Thompson
62,robert.a.drees@pookmail.com,Milo,Atlas
63,stephen.p.snider@spambob.com,Ivan,Schrader
64,susan.w.hughes@spambob.com,Katherine,Garcia
65,henry.k.rowan@mailinator.com,Kathryn,Adam
66,martha.w.carter@dodgit.com,Thaddeus,Sanford
67,walter.l.long@dodgit.com,Edward,Dean
68,curtis.k.hodges@dodgit.com,Tamara,Rogers
69,thomas.a.thompson@mailinator.com,Graciela,Butler
70,elizabeth.m.petty@mailinator.com,Rachel,Shelley
71,velma.s.terry@trashymail.com,Arlene,Gonzalez
72,patricia.w.enoch@mailinator.com,Dawn,Cardona
73,virginia.k.taylor@trashymail.com,Theresa,Cobbs
74,catherine.r.pinson@dodgit.com,Jimmy,Ketcham
75,marc.j.farmer@trashymail.com,Rhonda,Delay
76,dana.b.houston@dodgit.com,Sandra,Espinoza
77,sam.l.roach@spambob.com,Patrick,Wilson
78,walter.m.bishop@spambob.com,Sherry,Defeo
79,monica.r.brown@trashymail.com,Cassandra,Defoor
80,gary.j.glenn@trashymail.com,Robert,Rubio
81,patricia.w.rogers@spambob.com,Russell,Bowen
82,monique.t.schumann@trashymail.com,Kimberly,Stevenson
83,walter.b.burgos@trashymail.com,David,Peavler
84,colleen.d.vasquez@mailinator.com,Louis,Whidden
85,marion.s.padgett@pookmail.com,Bonnie,Ramirez
86,sophie.j.white@dodgit.com,Nicholas,Garrison
87,terry.a.tonkin@mailinator.com,Linda,Marini
88,oscar.j.ruiz@pookmail.com,Dovie,Rodriguez
89,randall.k.hanley@dodgit.com,David,Johnson
90,james.m.bermudez@pookmail.com,Sadie,Buchanan
91,carl.s.rockwood@trashymail.com,Daisy,Conley
92,mary.e.turner@mailinator.com,Cecilia,Morrison
93,kent.j.goldberg@spambob.com,Benjamin,Long
94,harold.m.murdock@trashymail.com,Christina,Maroney
95,leah.r.david@mailinator.com,Carolyn,Ramsey
96,jared.a.elliot@dodgit.com,Gayle,Blackburn
97,susan.j.morman@mailinator.com,Robert,Mccarty
98,david.v.morgan@pookmail.com,Kanesha,Davis
99,laura.t.gildersleeve@dodgit.com,Demarcus,Sanchez
100,john.s.goods@trashymail.com,Wayne,Peguero
101,david.c.mcmahan@mailinator.com,Roxie,Willis
102,sarah.j.lee@dodgit.com,Leigh,Cockrell
103,deeann.r.hoffman@pookmail.com,Thomas,Nixon
104,dorothy.j.roger@trashymail.com,Jamie,Jones
105,beverly.d.dry@dodgit.com,Sandra,Moreno
106,oscar.j.floyd@spambob.com,John,Young
107,brady.c.napier@mailinator.com,Don,Flores
108,steven.k.sanders@trashymail.com,Marian,Mayfield
109,brenda.m.clark@trashymail.com,Daniel,Martin
110,barbara.c.sousa@mailinator.com,Donna,Pedroza
111,preston.h.martins@mailinator.com,Mary,Murry
112,barbara.m.chavez@mailinator.com,Mark,Smith
113,michelle.j.cornett@pookmail.com,Madie,George
114,frances.c.brown@spambob.com,Marvin,Mcdonald
115,christie.s.grubbs@spambob.com,Mitchell,Weaver
116,judith.j.archer@dodgit.com,Autumn,Dinan
117,kenneth.e.marshall@trashymail.com,Henry,Rowe
118,sharon.j.apple@mailinator.com,David,Branch
119,charles.m.byrnes@mailinator.com,Ruben,Rudolph
120,carol.m.dressler@mailinator.com,Andrew,Day
121,jennifer.r.barclay@pookmail.com,Ronald,Clare
122,patricia.p.howard@pookmail.com,James,George
123,matthew.n.pendleton@dodgit.com,Gerald,Dixon
124,chad.s.flores@trashymail.com,Marylee,Colucci
125,alyssa.j.belcher@mailinator.com,Jack,Days
126,larry.l.moore@spambob.com,Kevin,Lindo
127,james.j.crump@dodgit.com,William,Moore
128,mary.a.trujillo@pookmail.com,John,Myers
129,richard.e.larson@dodgit.com,Helen,Parks
130,roger.p.fabela@mailinator.com,Gerard,Thomas
131,inez.j.balling@dodgit.com,Mary,Duffy
132,francine.a.mintz@dodgit.com,Jessica,Hogan
133,beatrice.r.downing@spambob.com,Claire,Merritt
134,donald.r.roman@spambob.com,Crystal,Lambert
135,sarah.m.stallings@mailinator.com,Jeffrey,Clark
136,edward.v.espinal@pookmail.com,Shirley,Kostka
137,ronald.b.weber@mailinator.com,Christopher,Packard
138,gale.m.krom@pookmail.com,Margaret,Post
139,brian.m.johnson@mailinator.com,Samuel,Mcdonald
140,elaine.d.book@pookmail.com,Adam,Jackson
141,patricia.l.longoria@spambob.com,Gerald,Terry
142,james.f.sunderland@spambob.com,Ray,Huff
143,ronald.d.morris@pookmail.com,Mark,Boone
144,laura.d.walton@dodgit.com,Dennis,Mckinney
145,isaac.t.branan@mailinator.com,Alex,White
146,juanita.f.farias@trashymail.com,Edward,Villanueva
147,perry.k.manning@trashymail.com,Sheryl,Thompson
148,chris.l.beasley@spambob.com,Ben,Lockard
149,carl.b.oconnor@dodgit.com,Tonia,Crawford
150,annie.j.bernard@dodgit.com,Marjory,Robinson
151,adam.e.carter@trashymail.com,Pennie,Griffin
152,kathleen.b.barnes@spambob.com,Sallie,Andre
153,shawnta.e.rodriquez@spambob.com,Thomas,Rubin
154,mitsue.w.swafford@pookmail.com,Rodney,Lloyd
155,lynda.r.kunz@mailinator.com,George,Skoog
156,sherri.l.nguyen@pookmail.com,Allison,Cook
157,robert.v.hill@dodgit.com,Richard,Hennessy
158,james.w.ramirez@mailinator.com,Georgia,Dye
159,tina.r.cruz@trashymail.com,Beatrice,Michael
160,richard.c.jacobson@pookmail.com,Todd,Moser
161,dorothy.c.ashcraft@dodgit.com,Michael,Jones
162,jeffrey.m.whitehead@spambob.com,Oliver,Rogers
163,stanley.t.albrecht@spambob.com,Irene,Berg
164,sharon.s.hamm@pookmail.com,Noemi,Lopez
165,clyde.c.palmer@pookmail.com,Annabelle,Atkins
166,jerry.c.elmer@mailinator.com,Robert,Carrera
167,james.v.hartung@trashymail.com,Delia,Wortman
168,paula.m.silva@mailinator.com,Stephen,Thurmond
169,robert.r.parker@spambob.com,Kathleen,Byrum
170,john.d.peters@trashymail.com,Ronald,Padgett
171,dianne.r.craft@trashymail.com,Kevin,Dillard
172,erika.r.holloway@spambob.com,Brooke,Guzman
173,james.n.james@mailinator.com,Delois,Jennings
174,matthew.c.ketner@pookmail.com,Marjorie,Taylor
175,thomas.s.goforth@dodgit.com,Jennifer,Wright
176,john.j.hutchinson@spambob.com,Robert,Ott
177,george.j.cook@pookmail.com,Rhonda,Johnson
178,brian.h.stapp@mailinator.com,Susan,Humphreys
179,kimberly.j.harmon@trashymail.com,Judith,Gilkes
180,barbara.c.post@trashymail.com,Willie,Johnson
181,wilbur.m.clark@trashymail.com,Brandy,Ponce
182,michelle.d.walsh@spambob.com,Terri,Wash
183,brenda.j.burkhardt@spambob.com,Wendy,Hinojosa
184,gabriel.l.madison@mailinator.com,William,Williams
185,felicia.j.knutson@mailinator.com,Jamie,Long
186,jeffrey.m.taylor@pookmail.com,Fred,Powers
187,robert.r.simon@spambob.com,William,Luft
188,chadwick.k.patten@trashymail.com,Paul,Livengood
189,sandra.l.cady@mailinator.com,Shirley,Cooks
190,dean.r.wright@trashymail.com,Nicole,Snyder
191,brandi.r.robinson@spambob.com,Phillip,Greenman
192,carmen.r.arreola@pookmail.com,Joyce,Dillon
193,antonio.d.braithwaite@trashymail.com,William,Ortega
194,pamela.j.reed@pookmail.com,Sarah,Hawk
195,arthur.s.simon@spambob.com,Kendall,Messer
196,mason.c.wilson@mailinator.com,Brendan,Mitchell
197,samuel.c.baker@pookmail.com,Rose,Wright
198,robert.t.knox@pookmail.com,Todd,Gilmartin
199,clarence.i.fricke@dodgit.com,Lillian,Faulkner
200,edward.j.rodriguez@mailinator.com,Juan,Choe
201,christina.g.robinson@mailinator.com,Patti,Thompson
